{
  "render_reward_mean": 4003.5108541192053,
  "render_reward_std": 0.0,
  "render_len_mean": 1000.0,
  "render_speed_mean": 3.0075294418624883,
  "render_speed_std": 0.0
}