{
  "render_reward_mean": 2165.8972193315667,
  "render_reward_std": 0.0,
  "render_len_mean": 808.0,
  "render_speed_mean": 1.683563920967797,
  "render_speed_std": 0.0
}