{
  "render_reward_mean": 165.7491477622874,
  "render_reward_std": 0.0,
  "render_len_mean": 86.0,
  "render_speed_mean": 0.9299139089907136,
  "render_speed_std": 0.0
}