{
  "render_reward_mean": 826.493236520586,
  "render_reward_std": 0.0,
  "render_len_mean": 308.0,
  "render_speed_mean": 1.6881282076851993,
  "render_speed_std": 0.0
}